company,role,location,term,duration,field,link,date_posted,deadline,salary,notes
Canadian Space Agency,"Intern - Engineer, Project Management","Longueuil, QC",Fall,4,Aerospace,https://asc-csa.hiringplatform.ca/239604-stagiaire-ingenieur-e-gestion-de-projets/1085872-formulaire/en,2026-05-21,,,Apply via co-op office
D2L,"Revenue Enablement Manager, North America Education Sales Organization",Canada,Summer,4,Software,https://www.d2l.com/careers/jobs/?job_id=7951298&gh_jid=7951298,2026-05-21,,,
D2L,Senior GTM Strategy Manager (Product & Customer Marketing) - 18 Month Contract,"Remote - Canada; Kitchener, Ontario; Toronto",Summer,4,Software,https://www.d2l.com/careers/jobs/?job_id=7951222&gh_jid=7951222,2026-05-21,,,
Canadian Space Agency,Internship - Instructional Designer,"Longueuil, QC",Fall,4,Aerospace,https://asc-csa.hiringplatform.ca/239962-stage-concepteur-pedagogique/1087565-formulaire/en,2026-06-01,,,Apply via co-op office
Canadian Space Agency,Internship - Financial analyst,"Longueuil, QC",Fall,4,Aerospace,https://asc-csa.hiringplatform.ca/239971-stage-analyste-financier/1087625-formulaire/en,2026-06-01,,,Apply via co-op office
Canadian Space Agency,Excel VBA Intern,"Longueuil, QC",Fall,4,Aerospace,https://asc-csa.hiringplatform.ca/239977-stagiaire-en-developpement-vba-excel/1087667-formulaire/en,2026-06-01,,,Apply via co-op office
Canadian Space Agency,Data Mining Intern,"Longueuil, QC",Fall,4,Aerospace,https://asc-csa.hiringplatform.ca/239979-stagiaire-pour-l-analyse-de-donnees/1087674-formulaire/en,2026-06-01,,,Apply via co-op office
Canadian Space Agency,IT support intern,"Longueuil, QC",Fall,4,Aerospace,https://asc-csa.hiringplatform.ca/240444-stagiaire-support-ti/1090183-formulaire/en,2026-06-01,,,Apply via co-op office
Canadian Space Agency,Internship - Quantum technologies for space,"Longueuil, QC",Fall,4,Aerospace,https://asc-csa.hiringplatform.ca/240183-stage-technologies-quantiques-pour-l-espace/1088729-formulaire/en,2026-06-01,,,Apply via co-op office
Canadian Space Agency,"Intern, IT Digital Solutions","Longueuil, QC",Fall,4,Aerospace,https://asc-csa.hiringplatform.ca/240284-stagiaire-solutions-numeriques-ti/1089230-formulaire/en,2026-06-01,,,Apply via co-op office
Canadian Space Agency,Internship - Advancing AI-Driven Earth Observation in Digital Earth Canada (DEC),"Longueuil, QC",Fall,4,Aerospace,https://asc-csa.hiringplatform.ca/240315-stage-extension-des-capacites-d-observation-de-la-terre-intelligente-pour-digital-earth-canada-dec/1089423-formulaire/en,2026-06-01,,,Apply via co-op office
D2L,Marketing & BD Operations Manager,Canada,Summer,4,Software,https://www.d2l.com/careers/jobs/?job_id=7967768&gh_jid=7967768,2026-05-29,,,
Hootsuite,Customer Success Manager | Responsable du Succès Client,"Vancouver, British Columbia",Summer,4,Software,https://careers.hootsuite.com/job/?gh_jid=7852401,2026-05-27,,,
Hootsuite,Enablement Strategy & Operations Manager,"New York, New York",Summer,4,Software,https://careers.hootsuite.com/job/?gh_jid=7960594,2026-05-27,,,
Canadian Space Agency,Hybrid project management Intern,"Longueuil, QC",Fall,4,Aerospace,https://asc-csa.hiringplatform.ca/240687-stagiaire-en-gestion-de-projet-hybride/1091441-formulaire/en,2026-06-08,,,Apply via co-op office
Canadian Space Agency,Space astronomy intern,"Longueuil, QC",Fall,4,Aerospace,https://asc-csa.hiringplatform.ca/240577-stagiaire-en-astronomie-spatiale/1090760-formulaire/en,2026-06-08,,,Apply via co-op office
Canadian Space Agency,Data Science Intern,"Longueuil, QC",Fall,4,AI / Data,https://asc-csa.hiringplatform.ca/240679-stagiaire-en-science-des-donnees/1091375-formulaire/en,2026-06-08,,,Apply via co-op office
Canadian Space Agency,Internship - Space Food and Nutrition,"Longueuil, QC",Fall,4,Aerospace,https://asc-csa.hiringplatform.ca/240686-stage-alimentation-spatiale-et-nutrition/1091423-formulaire/en,2026-06-08,,,Apply via co-op office
Canadian Space Agency,Robotics Intern,"Longueuil, QC",Fall,4,Aerospace,https://asc-csa.hiringplatform.ca/240815-stagiaire-en-robotique/1092155-formulaire/en,2026-06-08,,,Apply via co-op office
D2L,Performance Marketing Specialist,Canada,Summer,4,Software,https://www.d2l.com/careers/jobs/?job_id=7997890&gh_jid=7997890,2026-06-10,,,
D2L,Community Specialist,"Kitchener, Ontario or Remote",Summer,4,Software,https://www.d2l.com/careers/jobs/?job_id=7997856&gh_jid=7997856,2026-06-19,,,
D2L,"Customer Success Specialist, Higher Education","Kitchener, Canada - Remote",Summer,4,Software,https://www.d2l.com/careers/jobs/?job_id=7997768&gh_jid=7997768,2026-06-19,,,
D2L,Deal Desk Operations Manager,Ontario,Summer,4,Software,https://www.d2l.com/careers/jobs/?job_id=8001507&gh_jid=8001507,2026-06-22,,,
D2L,Office Support Coordinator,HQ,Summer,4,Software,https://www.d2l.com/careers/jobs/?job_id=7989300&gh_jid=7989300,2026-06-19,,,
Hootsuite,AR Credit & Collections Specialist,"Mexico City, Mexico",Summer,4,AI / Data,https://careers.hootsuite.com/job/?gh_jid=8016347,2026-06-22,,,
Hootsuite,Procurement Manager (14 Months Contract),"Vancouver, Toronto",Summer,4,Software,https://careers.hootsuite.com/job/?gh_jid=8009059,2026-06-17,,,
D2L,Dream Job Not Listed? Click Here!,Multiple,Summer,4,Software,https://www.d2l.com/careers/jobs/?job_id=73320&gh_jid=73320,2026-06-19,,,
D2L,Paid Media Specialist,Canada,Summer,4,Software,https://www.d2l.com/careers/jobs/?job_id=7476991&gh_jid=7476991,2026-06-22,,,
D2L,Product Manager (H5P Group),"Oslo, Tromso",Summer,4,Software,https://www.d2l.com/careers/jobs/?job_id=7766852&gh_jid=7766852,2026-06-19,,,
D2L,Product Support Analyst,"Kitchener Ontario, Toronto",Winter,4,Software,https://www.d2l.com/careers/jobs/?job_id=7696232&gh_jid=7696232,2026-06-19,,,
D2L,Project Manager,"Kitchener, Ontario",Summer,4,Software,https://www.d2l.com/careers/jobs/?job_id=8013867&gh_jid=8013867,2026-06-24,,,
D2L,Sales Executive,United States,Winter,12,Software,https://www.d2l.com/careers/jobs/?job_id=7826223&gh_jid=7826223,2026-06-19,,,
D2L,Senior Account Executive (Associations),Washington DC,Winter,12,Software,https://www.d2l.com/careers/jobs/?job_id=7859329&gh_jid=7859329,2026-06-19,,,
D2L,Senior Account Manager (Dutch Speaking),The Netherlands,Summer,4,Software,https://www.d2l.com/careers/jobs/?job_id=7716291&gh_jid=7716291,2026-06-19,,,
D2L,Senior Product Designer (12 Month Contract),"Kitchener, Toronto",Summer,12,Software,https://www.d2l.com/careers/jobs/?job_id=7997754&gh_jid=7997754,2026-06-23,,,
D2L,"Senior Sales Executive, Higher Education",US Remote,Summer,12,Software,https://www.d2l.com/careers/jobs/?job_id=7742806&gh_jid=7742806,2026-06-19,,,
D2L,Senior Software Developer,"Kitchener, Toronto",Summer,4,Software,https://www.d2l.com/careers/jobs/?job_id=2079857&gh_jid=2079857,2026-06-25,,,
D2L,"Senior Software Developer 2, Artificial Intelligence","Kitchener, Toronto",Summer,4,Software,https://www.d2l.com/careers/jobs/?job_id=6911941&gh_jid=6911941,2026-06-19,,,
D2L,Software Developer - New Graduate,"Kitchener, ON",Summer,4,Software,https://www.d2l.com/careers/jobs/?job_id=7455458&gh_jid=7455458,2026-06-25,,,
D2L,Solutions Engineer,Canada,Summer,4,Software,https://www.d2l.com/careers/jobs/?job_id=7722011&gh_jid=7722011,2026-06-19,,,
Hootsuite,Implementation Specialist,"Mexico City, Mexico",Summer,4,Software,https://job-boards.greenhouse.io/hootsuite/jobs/8026791,2026-06-25,,,
Hootsuite,IT Operations Administrator,Toronto,Summer,4,Software,https://job-boards.greenhouse.io/hootsuite/jobs/8024361,2026-06-26,,,
Hootsuite,IT Operations Administrator (12 Month Contract),Luxembourg,Summer,12,Software,https://job-boards.greenhouse.io/hootsuite/jobs/8028308,2026-06-25,,,
D2L,Business Development Coordinator - Fall 2026 Co-op,"Kitchener, Ontario",Fall,4,Software,https://www.d2l.com/careers/jobs/?job_id=7890146&gh_jid=7890146,2026-06-19,,,
D2L,Business Development Representative,"Kitchener, Ontario",Summer,4,Software,https://www.d2l.com/careers/jobs/?job_id=5645528&gh_jid=5645528,2026-06-19,,,
Canadian Space Agency,Directive on Student Employment,"Longueuil, QC",Fall,4,Aerospace,https://www.tbs-sct.gc.ca/pol/doc-eng.aspx?id=32638,2026-07-13,,,Apply via co-op office
Canadian Space Agency,Post-Secondary Co-op/Internship Program,"Longueuil, QC",Fall,4,Aerospace,https://www.canada.ca/en/public-service-commission/jobs/services/recruitment/students/coop-internship.html,2026-07-13,,,Apply via co-op office
Canadian Space Agency,programmesetudiants-studentsprograms@asc-csa.gc.ca,"Longueuil, QC",Fall,4,Aerospace,https://www.asc-csa.gc.ca/eng/jobs/search-internships.asp,2026-07-13,,,Apply via co-op office
Canadian Space Agency,Information about internships and student jobs,"Longueuil, QC",Fall,4,Aerospace,https://www.asc-csa.gc.ca/eng/jobs/internships-and-student-jobs.asp,2026-07-13,,,Apply via co-op office
Canadian Space Agency,Rare diseases and Health in space Internship Space Exploration Winter 2021,"Longueuil, QC",Winter,4,Aerospace,https://asc-csa.hiringplatform.ca/21686-stage-sur-les-maladies-orphelines-et-la-sante-dans-l-espace/66902-application/en,2026-07-13,,,Apply via co-op office
Canadian Space Agency,core Flight System (cFS) Development Intern Space Exploration Summer 2021,"Longueuil, QC",Summer,4,Aerospace,https://asc-csa.hiringplatform.ca/23463-stagaire-en-developpement-core-flight-systems-cfs/73632-application/en,2026-07-13,,,Apply via co-op office
Canadian Space Agency,Lunar Gateway Program Systems Engineering Internship Space Exploration Summer 2021,"Longueuil, QC",Summer,4,Aerospace,https://asc-csa.hiringplatform.ca/23462-stage-d-ingenierie-des-systemes-du-programme-passerelle-lunaire/73631-application/en,2026-07-13,,,Apply via co-op office
Canadian Space Agency,Administrative Assistant Intern Space Science and Technology Summer 2021,"Longueuil, QC",Summer,4,Aerospace,https://asc-csa.hiringplatform.ca/24558-stagiaire-adjoint-e-administratif-ve/76959-application/en,2026-07-13,,,Apply via co-op office
Canadian Space Agency,"Innovation Intern, Satellite Operations and Infrastructure Space Utilization Summer 2021","Longueuil, QC",Summer,4,Software,https://asc-csa.hiringplatform.ca/25497-stagiaire-en-innovation-exploitation-et-infrastructure-des-satellites/78829-application/en,2026-07-13,,,Apply via co-op office
Canadian Space Agency,Internship in Food Production in Space and on Earth Space Exploration Summer 2021,"Longueuil, QC",Summer,4,Aerospace,https://asc-csa.hiringplatform.ca/26292-stagiaire-production-alimentaire-dans-l-espace-et-sur-terre/81460-application/en,2026-07-13,,,Apply via co-op office
Canadian Space Agency,Internship with the Data Center of Expertise Information Management and Information Technology Summer 2021,"Longueuil, QC",Summer,4,Aerospace,https://asc-csa.hiringplatform.ca/26800-stage-avec-le-centre-d-expertise-en-donnees/83074-application/en,2026-07-13,,,Apply via co-op office
Canadian Space Agency,Database Developer for Satellite Missions Space Utilization Fall 2021,"Longueuil, QC",Fall,4,Software,https://asc-csa.hiringplatform.ca/30871-stage-developpeur-de-base-de-donnees-pour-missions-satellitaires/96024-application/en,2026-07-13,,,Apply via co-op office
Canadian Space Agency,"Intern, Intellectual Property Management and Technology Transfer (IPMTT) Finance and Corporate Services Fall 2021","Longueuil, QC",Fall,4,Aerospace,https://asc-csa.hiringplatform.ca/31927-gestion-de-la-propriete-intellectuelle-et-du-transfert-de-technologies-gpitt/99357-application/en,2026-07-13,,,Apply via co-op office
Canadian Space Agency,Internship Planning of health research for the Lunar program Space Exploration Fall 2021,"Longueuil, QC",Fall,4,Aerospace,https://asc-csa.hiringplatform.ca/32905-stage-planification-des-recherches-en-sante-pour-le-programme-lunaire/103208-application/en,2026-07-13,,,Apply via co-op office
Canadian Space Agency,Internship in Space Exploration Technology Planning Space Exploration Fall 2021,"Longueuil, QC",Fall,4,Aerospace,https://asc-csa.hiringplatform.ca/33150-stage-en-planification-technologique-d-exploration-spatiale/104282-application/en,2026-07-13,,,Apply via co-op office
Canadian Space Agency,Project Management Internship Space Utilization Fall 2021,"Longueuil, QC",Fall,4,Aerospace,https://asc-csa.hiringplatform.ca/33996-stage-en-gestion-de-projet/108398-application/en,2026-07-13,,,Apply via co-op office
Canadian Space Agency,Intern Engineer – Project Management Space Exploration Fall 2021,"Longueuil, QC",Fall,4,Aerospace,https://asc-csa.hiringplatform.ca/34043-ingenieur-stagiaire-gestion-de-projets/108553-application/en,2026-07-13,,,Apply via co-op office
Canadian Space Agency,"Research Assistant, Radiation Health Space Exploration Winter 2022","Longueuil, QC",Winter,4,Aerospace,https://asc-csa.hiringplatform.ca/37664-stagiaire-assistant-de-recherche-radioprotection-105/121183-application/en,2026-07-13,,,Apply via co-op office
Canadian Space Agency,Internship Radio Frequency Qualification Facilities Space Science and Technology Winter 2022,"Longueuil, QC",Winter,4,Aerospace,https://asc-csa.hiringplatform.ca/38387-stage-installations-de-qualification-en-radiofrequences-103/124427-application/en,2026-07-13,,,Apply via co-op office
Canadian Space Agency,Spacecraft engineering internship Space Science and Technology Winter 2022,"Longueuil, QC",Winter,4,Aerospace,https://asc-csa.hiringplatform.ca/39396-stage-en-ingenierie-des-engins-spatiaux/128548-application/en,2026-07-13,,,Apply via co-op office
Canadian Space Agency,Modeling Radar Subsurface Mars Ice Detection Internship Space Utilization Winter 2022,"Longueuil, QC",Winter,4,Aerospace,https://asc-csa.hiringplatform.ca/39395-stage-en-modelisation-de-la-detection-par-radar-de-glace-sur-mars/128547-application/en,2026-07-13,,,Apply via co-op office
Canadian Space Agency,Project Management Internship Integrated Planning and Programs Winter 2022,"Longueuil, QC",Winter,4,Aerospace,https://asc-csa.hiringplatform.ca/40043-stagiaire-stage-en-gestion-de-projets-121/131164-application/en,2026-07-13,,,Apply via co-op office
Canadian Space Agency,Canadian Space Station Program Engineering Internship Space Exploration Winter 2022,"Longueuil, QC",Winter,4,Aerospace,https://asc-csa.hiringplatform.ca/40472-stage-d-ingenierie-pour-le-programme-canadien-de-la-station-spatiale-108/132695-application/en,2026-07-13,,,Apply via co-op office
Canadian Space Agency,Scientific conference and Data visualization Internship Space Utilization Winter 2022,"Longueuil, QC",Winter,4,Aerospace,https://asc-csa.hiringplatform.ca/40476-stage-pour-l-organisation-d-une-conference-scientifique-et-visualisation-de-donnees-142/132707-application/en,2026-07-13,,,Apply via co-op office
Canadian Space Agency,Internship for a tool to assess project resource needs Space Exploration Winter 2022,"Longueuil, QC",Winter,4,Aerospace,https://asc-csa.hiringplatform.ca/40477-stage-pour-un-outil-d-evaluation-des-ressources-de-projet-145/132708-application/en,2026-07-13,,,Apply via co-op office
Canadian Space Agency,Space Astronomy Internship Space Exploration Winter 2022,"Longueuil, QC",Winter,4,Aerospace,https://asc-csa.hiringplatform.ca/40478-stage-en-astronomie-spatiale-148/132709-application/en,2026-07-13,,,Apply via co-op office
Canadian Space Agency,Internship – Unity and HoloLens developer for the HoloMOTS application Canadarm2 simulator Space Exploration Winter 2022,"Longueuil, QC",Winter,4,Software,https://asc-csa.hiringplatform.ca/40526-stage-developpeur-unity-et-hololens-pour-l-application-holomots-simulateur-canadarm2-127/132822-application/en,2026-07-13,,,Apply via co-op office
Canadian Space Agency,Internship – D-MOTS client-server application development for the Canadarm2 simulator Space Exploration Winter 2022,"Longueuil, QC",Winter,4,Aerospace,https://asc-csa.hiringplatform.ca/40473-stage-en-developpement-de-l-application-client-serveur-d-mots-pour-le-simulateur-canadarm2-129/132696-application/en,2026-07-13,,,Apply via co-op office
Canadian Space Agency,Intern – Project Management Space Utilization Winter 2022,"Longueuil, QC",Winter,4,Aerospace,https://asc-csa.hiringplatform.ca/40369-stagiaire-gestion-de-projets-d-ingenierie-152/132302-application/en,2026-07-13,,,Apply via co-op office
Canadian Space Agency,Internship – Web Developer Space Exploration Winter 2022,"Longueuil, QC",Winter,4,Software,https://asc-csa.hiringplatform.ca/40487-stage-developpeur-web-130/132736-application/en,2026-07-13,,,Apply via co-op office
Canadian Space Agency,IT Support Internship Information Management and Information Technology Winter 2022,"Longueuil, QC",Winter,4,Aerospace,https://asc-csa.hiringplatform.ca/40722-stage-en-support-it/133550-application/en,2026-07-13,,,Apply via co-op office
Canadian Space Agency,Cartography Intern Space Science and Technology Winter 2022,"Longueuil, QC",Winter,4,Aerospace,https://asc-csa.hiringplatform.ca/40597-stagiaire-en-cartographie-106/133065-application/en,2026-07-13,,,Apply via co-op office
Canadian Space Agency,Internship – 3D printed material software developer Space Exploration Winter 2022,"Longueuil, QC",Winter,4,Software,https://asc-csa.hiringplatform.ca/40596-stage-developpeur-de-logiciel-pour-materiel-imprime-en-3d-126/133064-application/en,2026-07-13,,,Apply via co-op office
Canadian Space Agency,Internship – Earth system science mission support Space Utilization Winter 2022,"Longueuil, QC",Winter,4,Aerospace,https://asc-csa.hiringplatform.ca/40724-stage-soutien-de-mission-en-sciences-atmospheriques-155/133553-application/en,2026-07-13,,,Apply via co-op office
Canadian Space Agency,"Internship Software Specialist, Satellite Operations and Infrastructure Space Utilization Winter 2022","Longueuil, QC",Winter,4,Software,https://asc-csa.hiringplatform.ca/41290-stage-specialiste-logiciel-operations-satellitaires-et-infrastructure-160/136463-application/en,2026-07-13,,,Apply via co-op office
Canadian Space Agency,Internship – Planning and Performance Measure Space Science and Technology Winter 2022,"Longueuil, QC",Winter,4,Aerospace,https://asc-csa.hiringplatform.ca/41391-stage-planification-et-mesure-du-rendement-162/136979-application/en,2026-07-13,,,Apply via co-op office
Canadian Space Agency,Project Management internship Space Science and Technology Summer 2022,"Longueuil, QC",Summer,4,Aerospace,https://asc-csa.hiringplatform.ca/57004-stage-en-gestion-de-projets-223/198546-application/en,2026-07-13,,,Apply via co-op office
Canadian Space Agency,Internship Automating space-based AIS data management using open source technologies Space Utilization Summer 2022,"Longueuil, QC",Summer,4,Aerospace,https://asc-csa.hiringplatform.ca/57013-stage-automatisation-de-la-gestion-des-donnees-ais-spatiales-a-l-aide-de-technologies-open-source-217/198572-application/en,2026-07-13,,,Apply via co-op office
Canadian Space Agency,Internship – Warehouse Technician Finance and Corporate Services Summer 2022,"Longueuil, QC",Summer,4,Aerospace,https://asc-csa.hiringplatform.ca/56913-stage-technicien-d-entrepot-207/198243-application/en,2026-07-13,,,Apply via co-op office
Canadian Space Agency,Internship Gateway Program Integration Support Space Exploration Summer 2022,"Longueuil, QC",Summer,4,Aerospace,https://asc-csa.hiringplatform.ca/56921-stage-support-a-l-integration-de-programme-gateway-226/198258-application/en,2026-07-13,,,Apply via co-op office
Canadian Space Agency,Internship Extreme value data analysis Space Utilization Summer 2022,"Longueuil, QC",Summer,4,Aerospace,https://asc-csa.hiringplatform.ca/57641-stage-analyse-des-valeurs-extremes-228/200486-application/en,2026-07-13,,,Apply via co-op office
Canadian Space Agency,Internship Arctic Observing Mission and Space Mission Development Space Utilization Summer 2022,"Longueuil, QC",Summer,4,Aerospace,https://asc-csa.hiringplatform.ca/57329-stage-developpement-de-missions-spatiales-la-mission-d-observation-de-l-arctique-235/199727-application/en,2026-07-13,,,Apply via co-op office
Canadian Space Agency,Internship Student Education Advisor Communications Summer 2022,"Longueuil, QC",Summer,4,Aerospace,https://asc-csa.hiringplatform.ca/57313-stage-conseiller-en-formation-des-etudiants-234/199669-application/en,2026-07-13,,,Apply via co-op office
Canadian Space Agency,Mission Planner Internship Space Utilization Summer 2022,"Longueuil, QC",Summer,4,Aerospace,https://asc-csa.hiringplatform.ca/57060-stagiaire-en-planification-de-mission-229/198765-application/en,2026-07-13,,,Apply via co-op office
Canadian Space Agency,Internship in Greening operations and sustainability Corporate Services and Human Resources Summer 2022,"Longueuil, QC",Summer,4,Aerospace,https://asc-csa.hiringplatform.ca/57752-stage-en-ecologisation-des-operations-et-developpement-durable-244/200914-application/en,2026-07-13,,,Apply via co-op office
Canadian Space Agency,Internship in the analysis of employment systems in Human Resources Corporate Services and Human Resources Summer 2022,"Longueuil, QC",Summer,4,Aerospace,https://asc-csa.hiringplatform.ca/57786-stage-d-analyse-des-systemes-d-emploi-en-rh-238/201061-application/en,2026-07-13,,,Apply via co-op office
Canadian Space Agency,Human Resources communication internship Corporate Services and Human Resources Summer 2022,"Longueuil, QC",Summer,4,Aerospace,https://asc-csa.hiringplatform.ca/57693-stage-en-communication-rh-237/200660-application/en,2026-07-13,,,Apply via co-op office
Canadian Space Agency,Coop Student in Space Astronomy Space Exploration Fall 2022,"Longueuil, QC",Fall,4,Aerospace,https://asc-csa.hiringplatform.ca/74223-stagiaire-en-astronomie-spatiale/271185-application/en,2026-07-13,,,Apply via co-op office
Canadian Space Agency,Internship Onboard SAR Processing for Polarimetric Subsurface Ice Detection on Mars Space Utilization Fall 2022,"Longueuil, QC",Fall,4,Aerospace,https://asc-csa.hiringplatform.ca/76818-traitement-embarque-de-donnees-radar-polarimetriques-pour-la-teledetection-de-glace-souterraine-sur-mars/282594-application/en,2026-07-13,,,Apply via co-op office
Canadian Space Agency,Internsip Information technology (project management office) Integrated Planning and Programs Fall 2022,"Longueuil, QC",Fall,4,Aerospace,https://asc-csa.hiringplatform.ca/77677-stage-en-technologie-de-l-information-au-bureau-de-gestion-de-projet/286215-application/en,2026-07-13,,,Apply via co-op office
Canadian Space Agency,Intern Engineer project management Space Science and Technology or Space Exploration Fall 2022,"Longueuil, QC",Fall,4,Aerospace,https://asc-csa.hiringplatform.ca/79235-stagiaire-ingenieur-e-gestion-de-projet-335-336-337/293097-application/en,2026-07-13,,,Apply via co-op office
Canadian Space Agency,Data Science Intern Information Management and Information Technology Fall 2022,"Longueuil, QC",Fall,4,AI / Data,https://asc-csa.hiringplatform.ca/79264-stagiaire-en-science-des-donnees/293171-application/en,2026-07-13,,,Apply via co-op office
Canadian Space Agency,Planetary Robotics Internship – Mission Planning Tool Development Space Exploration Fall 2022,"Longueuil, QC",Fall,4,Aerospace,https://asc-csa.hiringplatform.ca/79629-stage-robotique-planetaire-developpement-d-outils-de-planification-de-mission/294560-formulaire/en,2026-07-13,,,Apply via co-op office
Canadian Space Agency,Unreal Software Developement Intern Space Exploration Fall 2022,"Longueuil, QC",Fall,4,Software,https://asc-csa.hiringplatform.ca/79626-stagiaire-en-developpement-logiciel-unreal/294557-formulaire/en,2026-07-13,,,Apply via co-op office
Canadian Space Agency,Satellite Operations Internship Space Utilization Fall 2022,"Longueuil, QC",Fall,4,Aerospace,https://asc-csa.hiringplatform.ca/79713-stage-en-operations-satellite/294931-formulaire/en,2026-07-13,,,Apply via co-op office
Canadian Space Agency,Internship Software maintenance and development Space Exploration Winter 2023,"Longueuil, QC",Winter,4,Software,https://asc-csa.hiringplatform.ca/93853-stage-maintenance-et-developpement-de-logiciel/354971-application/en,2026-07-13,,,Apply via co-op office
Canadian Space Agency,Internship – Information Technologies Enterprise Project Management Office and IM-IT Enterprise Architecture Team Winter 2023,"Longueuil, QC",Winter,4,Aerospace,https://asc-csa.hiringplatform.ca/94182-technologie-de-l-information/356210-application/en,2026-07-13,,,Apply via co-op office
Canadian Space Agency,Internship – Project Management (Enterprise Project Management Office) Integrated Planning and Programs Winter 2023,"Longueuil, QC",Winter,4,Aerospace,https://asc-csa.hiringplatform.ca/94186-stage-gestion-de-projet-bureau-de-gestion-de-projet-d-entreprise/356221-application/en,2026-07-13,,,Apply via co-op office
Canadian Space Agency,Intern in data analytics Space Science and Technology Winter 2023,"Longueuil, QC",Winter,4,AI / Data,https://asc-csa.hiringplatform.ca/94337-stagiaire-en-analyse-de-donnees/356861-application/en,2026-07-13,,,Apply via co-op office
Canadian Space Agency,Internship Analysis of Earth science activities Sun-Earth System Sciences Winter 2023,"Longueuil, QC",Winter,4,Aerospace,https://asc-csa.hiringplatform.ca/94545-stage-analyse-des-activites-en-science-de-la-terre/357732-application/en,2026-07-13,,,Apply via co-op office
Canadian Space Agency,"Building Operations Intern Finance and Corporate Services, Service Management and Administration Winter 2023","Longueuil, QC",Winter,4,Aerospace,https://asc-csa.hiringplatform.ca/94632-stagiaire-en-exploitation-des-batiments/358041-application/en,2026-07-13,,,Apply via co-op office
Canadian Space Agency,Professional student positions in administrative support Various positions across the Canadian Space Agency Summer 2023,"Longueuil, QC",Summer,4,Aerospace,https://asc-csa.hiringplatform.ca/109964-postes-d-etudiants-professionnels-en-administration-001/429905-application/en,2026-07-13,,,Apply via co-op office
Canadian Space Agency,GERI Systems Engineering Internship Gateway Summer 2023,"Longueuil, QC",Summer,4,Aerospace,https://asc-csa.hiringplatform.ca/113204-stage-d-ingenierie-des-systemes-geri-207/441476-application/en,2026-07-13,,,Apply via co-op office
Canadian Space Agency,"Internship Junior Space Policy Analyst Space Policy, Strategic Policy and Domestic Affairs Summer 2023","Longueuil, QC",Summer,4,Aerospace,https://asc-csa.hiringplatform.ca/112956-stage-analyste-junior-en-politique-spatiale/440535-application/en,2026-07-13,,,Apply via co-op office
Canadian Space Agency,Internship Design and Manufacturing of 3D-Printed Samples to Prototype Subsurface Ice Radar Detection on Mars Space Utilization Summer 2023,"Longueuil, QC",Summer,4,Engineering,https://asc-csa.hiringplatform.ca/112966-stage-conception-et-fabrication-d-echantillons-en-impression-3d-pour-le-prototypage-de-la-teledetection-par-radar-de-la-glace-souterraine/440558-application/en,2026-07-13,,,Apply via co-op office
Canadian Space Agency,Internship Hyperspectral and multispectral data for water color applications – satellite data analysis and development of end-to-end mission performance simulator Space Utilization Summer 2023,"Longueuil, QC",Summer,4,Aerospace,https://asc-csa.hiringplatform.ca/113658-stage-utilisation-de-donnees-hyperspectrales-et-multispectrales-pour-des-applications-reliees-a-la-couleur-de-l-eau/443138-application/en,2026-07-13,,,Apply via co-op office
Canadian Space Agency,Internship Lidar Remote Sensing of Snow via Multiple Scattering Space Utilization Summer 2023,"Longueuil, QC",Summer,4,Aerospace,https://asc-csa.hiringplatform.ca/113702-stage-tele-detection-de-la-neige-avec-un-lidar-via-la-diffusion-multiple/443294-application/en,2026-07-13,,,Apply via co-op office
Canadian Space Agency,Internship at the Canadian Space Agency for a lunar rover mission Space Exploration Summer 2023,"Longueuil, QC",Summer,4,Aerospace,https://asc-csa.hiringplatform.ca/113703-stage-a-l-agence-spatiale-canadienne-pour-une-mission-de-rover-lunaire/443295-application/en,2026-07-13,,,Apply via co-op office
Canadian Space Agency,Database Internship Space Utilization Summer 2023,"Longueuil, QC",Summer,4,Aerospace,https://asc-csa.hiringplatform.ca/113824-stage-en-base-de-donnees/444231-application/en,2026-07-13,,,Apply via co-op office
Canadian Space Agency,"Space utilization internship on satellite Earth observation Space Utilization / Planning, engagement and applications Summer 2023","Longueuil, QC",Summer,4,Aerospace,https://asc-csa.hiringplatform.ca/113881-stage-en-utilisation-de-l-espace-et-observation-de-la-terre-par-satellite/444451-application/en,2026-07-13,,,Apply via co-op office
Canadian Space Agency,Internship Financial Managements Tools Developer SEOI – L&SE Summer 2023,"Longueuil, QC",Summer,4,Software,https://asc-csa.hiringplatform.ca/113779-stage-developeur-de-logiciels-en-gestion-financiere/443716-formulaire/en,2026-07-13,,,Apply via co-op office
Canadian Space Agency,Financial Policy and Corporate Accounting Intern Finance and Corporate Services Fall 2023,"Longueuil, QC",Fall,4,Aerospace,https://asc-csa.hiringplatform.ca/132725-stagiaire-en-politiques-financieres-et-comptabilite-ministerielle/530808-formulaire/en,2026-07-13,,,Apply via co-op office
Canadian Space Agency,"Business Analysis & Business Intelligence Intern Division Planning, Engagement and Applications, Directorate Space Utilization Fall 2023","Longueuil, QC",Fall,4,Aerospace,https://asc-csa.hiringplatform.ca/132769-stagiaire-analyste-d-affaires-et-intelligence-d-affaires-314-315/531073-formulaire/en,2026-07-13,,,Apply via co-op office
Canadian Space Agency,Internship in Economic Research and Analysis Policy Fall 2023,"Longueuil, QC",Fall,4,Aerospace,https://asc-csa.hiringplatform.ca/132720-stage-en-recherche-et-analyse-economique/530798-formulaire/en,2026-07-13,,,Apply via co-op office
Canadian Space Agency,Internship - Documentation Technician Cybersecurity and Information Management Fall 2023,"Longueuil, QC",Fall,4,Aerospace,https://asc-csa.hiringplatform.ca/132716-stage-technicien-en-documentation/530784-formulaire/en,2026-07-13,,,Apply via co-op office
Canadian Space Agency,Internship – Gateway Project Management Space Exploration - Gateway Fall 2023,"Longueuil, QC",Fall,4,Aerospace,https://asc-csa.hiringplatform.ca/132755-stage-gestion-de-projet-gateway/530976-formulaire/en,2026-07-13,,,Apply via co-op office
Canadian Space Agency,Engeneering Internship (Building Operations) Real Property Management & Facilities Modernization Directorate Fall 2023,"Longueuil, QC",Fall,4,Aerospace,https://asc-csa.hiringplatform.ca/132771-stage-en-ingenierie-exploitation-de-batiments/531078-formulaire/en,2026-07-13,,,Apply via co-op office
Canadian Space Agency,"Space Utilization Planning and Innovation Internship Space Utilization / Planning, engagement and applicationsFall 2023","Longueuil, QC",Fall,4,Aerospace,https://asc-csa.hiringplatform.ca/132698-stage-en-planification-et-innovation-de-l-utilisation-de-l-espace/530662-formulaire/en,2026-07-13,,,Apply via co-op office
Canadian Space Agency,Internship – Major Projects - Facilities Corporate Services Fall 2023,"Longueuil, QC",Fall,4,Aerospace,https://asc-csa.hiringplatform.ca/132801-stage-grands-projets-installations/531248-application/en,2026-07-13,,,Apply via co-op office
Canadian Space Agency,Policy Industry Relations Internship on stakeholder engagement & information management Policy – Industry Relations Fall 2023,"Longueuil, QC",Fall,4,Aerospace,https://asc-csa.hiringplatform.ca/132808-stage-dans-le-groupe-relations-avec-l-industrie/531283-application/en,2026-07-13,,,Apply via co-op office
Canadian Space Agency,Internship - Systems Engineering Design Tool for Optical Payloads Space Exploration Fall 2023,"Longueuil, QC",Fall,4,Aerospace,https://asc-csa.hiringplatform.ca/133296-stage-outil-de-conception-de-genie-des-systemes-pour-charges-utiles-optiques/534296-application/en,2026-07-13,,,Apply via co-op office
Canadian Space Agency,"Intern - Engineer, Project Management - Space, Science and Technology - Winter 2024","Longueuil, QC",Winter,4,Aerospace,https://asc-csa.hiringplatform.ca/145365-stage-en-genie-gestion-de-projet/591613-formulaire/en,2026-07-13,,,Apply via co-op office
Canadian Space Agency,Food Production Initiative Intern - Space Exploration  - Winter 2024,"Longueuil, QC",Winter,4,Aerospace,https://asc-csa.hiringplatform.ca/147875-stagiaire-en-production-alimentaire/603779-formulaire/en,2026-07-13,,,Apply via co-op office
Canadian Space Agency,Internship - Database/Python Developer - Space Utilization - Winter 2024,"Longueuil, QC",Winter,4,Software,https://asc-csa.hiringplatform.ca/148367-stage-base-de-donnees-developpeur-python/606208-formulaire/en,2026-07-13,,,Apply via co-op office
Canadian Space Agency,"Internship - Mission Planner, Data Acquisition - Space Exploitation - Winter 2024","Longueuil, QC",Winter,4,Aerospace,https://asc-csa.hiringplatform.ca/148714-stagiaire-planificateur-de-mission-acquisition-de-donnees/607611-formulaire/en,2026-07-13,,,Apply via co-op office
Canadian Space Agency,Internship– Machine Learning software development for processing space-based data - Space Science and Technology - Winter 2024,"Longueuil, QC",Winter,4,Software,https://asc-csa.hiringplatform.ca/148727-stage-developpement-logiciel-en-apprentissage-automatique-machine-learning-pour-traitement-de-donnees-generees-de-l-espace/607643-formulaire/en,2026-07-13,,,Apply via co-op office
Canadian Space Agency,Intern in Space Astronomy - Space Exploration - Winter 2024,"Longueuil, QC",Winter,4,Aerospace,https://asc-csa.hiringplatform.ca/149026-stagiaire-en-astronomie-spatiale/609194-formulaire/en,2026-07-13,,,Apply via co-op office
Canadian Space Agency,"Internship - Information Specialist, Library Service - Information Management and Information Technology - Winter 2024","Longueuil, QC",Winter,4,Aerospace,https://asc-csa.hiringplatform.ca/149031-stage-specialiste-de-l-information-service-de-bibliotheque/609212-formulaire/en,2026-07-13,,,Apply via co-op office
Canadian Space Agency,Summer 2024 Indigenous Student Cohort - Various - Summer 2024,"Longueuil, QC",Summer,4,Aerospace,https://asc-csa.hiringplatform.ca/156416-offre-d-emploi-pour-etudiants-autochtones-pour-l-ete-2024/642935-formulaire/en,2026-07-13,,,Apply via co-op office
Canadian Space Agency,"Internship – Lunar Rover, Space / Systems Engineering - Space Exploration - Summer 2024","Longueuil, QC",Summer,4,Aerospace,https://asc-csa.hiringplatform.ca/164135-stage-vlu-ingenieur-systeme-spatial/687564-formulaire/en,2026-07-13,,,Apply via co-op office
Canadian Space Agency,IT support intern - IM IT - Summer 2024,"Longueuil, QC",Summer,4,Aerospace,https://asc-csa.hiringplatform.ca/164675-stagiaire-support-ti/691021-formulaire/en,2026-07-13,,,Apply via co-op office
Canadian Space Agency,"Intern, IT Asset Management Technician - IM IT - Summer 2024","Longueuil, QC",Summer,4,Aerospace,https://asc-csa.hiringplatform.ca/165071-stagiaire-technicien-a-la-gestion-des-actifs-ti/692858-formulaire/en,2026-07-13,,,Apply via co-op office
Canadian Space Agency,Internship - Occupational Health and Safety - Finance and Corporate Services - Summer 2024,"Longueuil, QC",Summer,4,Aerospace,https://asc-csa.hiringplatform.ca/165850-stage-sante-et-securite-au-travail/696482-formulaire/en,2026-07-13,,,Apply via co-op office
Canadian Space Agency,Internship - New mission analysis and satellite component database development - Space Utilization - Summer 2024,"Longueuil, QC",Summer,4,Aerospace,https://asc-csa.hiringplatform.ca/165879-stage-analyses-pour-de-nouvelles-missions-et-developpement-de-bases-de-donnees-pour-des-composantes-de-satellites/696599-formulaire/en,2026-07-13,,,Apply via co-op office
Canadian Space Agency,Internship - Support to Optical Instrument Design and Atmospheric Modelling - Design Trade-off and Instrument Performance Analysis - Space Science and Technology - Summer 2024,"Longueuil, QC",Summer,4,Aerospace,https://asc-csa.hiringplatform.ca/165986-stage-soutien-au-design-d-instruments-optiques-et-modelisation-atmospherique-analyse-d-options-et-de-performances/697006-formulaire/en,2026-07-13,,,Apply via co-op office
Canadian Space Agency,Internship - Integrating scientific instrument data products into the VR system for the Lunar Rover Mission - Space Science and Technology - Summer 2024,"Longueuil, QC",Summer,4,Aerospace,https://asc-csa.hiringplatform.ca/165994-stage-integration-de-donnees-d-instruments-scientifiques-dans-le-systeme-de-realite-virtuelle-pour-la-mission-du-rover-lunaire/697047-formulaire/en,2026-07-13,,,Apply via co-op office
Canadian Space Agency,"Internship in Space Exploration Planning, Coordination and Advanced Concepts - Space Exploration - Summer 2024","Longueuil, QC",Summer,4,Aerospace,https://asc-csa.hiringplatform.ca/166119-stage-dans-l-equipe-de-planification-coordination-et-concepts-avances-de-l-exploration-spatiale/698183-formulaire/en,2026-07-13,,,Apply via co-op office
Canadian Space Agency,Internship - Solar Terrestrial Science Communications - Space Utilization - Summer 2024,"Longueuil, QC",Summer,4,Aerospace,https://asc-csa.hiringplatform.ca/166158-stage-communications-scientifiques-solaires-terrestres/698445-formulaire/en,2026-07-13,,,Apply via co-op office
Canadian Space Agency,Business Analysis and Business Intelligence Intern - Space Utilization - Summer 2024,"Longueuil, QC",Summer,4,Aerospace,https://asc-csa.hiringplatform.ca/166236-stage-analyste-d-affaires-intelligence-d-affaires/698866-formulaire/en,2026-07-13,,,Apply via co-op office
Canadian Space Agency,"Intern, Digital transformation - IM IT - Summer 2024","Longueuil, QC",Summer,4,Aerospace,https://asc-csa.hiringplatform.ca/166333-stagiaire-transformation-numerique/699415-formulaire/en,2026-07-13,,,Apply via co-op office
Canadian Space Agency,"Intern, IT Enterprise architecture - IM IT - Summer 2024","Longueuil, QC",Summer,4,Aerospace,https://asc-csa.hiringplatform.ca/166521-stagiaire-architecture-integree-de-la-ti/700252-formulaire/en,2026-07-13,,,Apply via co-op office
Canadian Space Agency,"Internship - Planning, Mobilization and Innovation - Space Science and Technology - Summer 2024","Longueuil, QC",Summer,4,Aerospace,https://asc-csa.hiringplatform.ca/166786-stage-planification-mobilisation-et-innovation/701597-formulaire/en,2026-07-13,,,Apply via co-op office
Canadian Space Agency,Internship - Laboratory Assistant for Astromaterial Curation - Space Exploration - Autumn 2024,"Longueuil, QC",Fall,4,Aerospace,https://asc-csa.hiringplatform.ca/180875-stage-assistant-de-laboratoire-pour-la-conservation-des-echantillons-extraterrestres/779951-formulaire/en,2026-07-13,,,Apply via co-op office
Canadian Space Agency,Data Science Intern - IM IT - Autumn 2024,"Longueuil, QC",Fall,4,AI / Data,https://asc-csa.hiringplatform.ca/181389-stagiaire-en-science-des-donnees/782601-formulaire/en,2026-07-13,,,Apply via co-op office
Canadian Space Agency,Software Engineering Internship - Space Exploration - Autumn 2024,"Longueuil, QC",Fall,4,Software,https://asc-csa.hiringplatform.ca/181383-stage-en-genie-logiciel/782568-formulaire/en,2026-07-13,,,Apply via co-op office
Canadian Space Agency,Internship - Mission scientist apprentice - Space Utilization - Autumn 2024,"Longueuil, QC",Fall,4,Aerospace,https://asc-csa.hiringplatform.ca/181481-stage-apprenti-e-scientifique-de-missions/783049-formulaire/en,2026-07-13,,,Apply via co-op office
Canadian Space Agency,Internship - Satellite Operations Mission Support – Data Acquisition and Management - Space Utilization - Autumn 2024,"Longueuil, QC",Fall,4,Aerospace,https://asc-csa.hiringplatform.ca/181704-stage-soutien-aux-missions-d-operations-satellitaires-acquisition-et-gestion-de-donnees/784350-formulaire/en,2026-07-13,,,Apply via co-op office
Canadian Space Agency,Internship - Business Intelligence - IM IT - Autumn 2024,"Longueuil, QC",Fall,4,Aerospace,https://asc-csa.hiringplatform.ca/181709-stage-intelligence-d-affaires/784380-formulaire/en,2026-07-13,,,Apply via co-op office
Canadian Space Agency,Technology Planning Engineering Intern - Space Science and Technology - Autumn 2024,"Longueuil, QC",Fall,4,Aerospace,https://asc-csa.hiringplatform.ca/181687-stagiaire-ingenieur-en-planification-technologique/784262-formulaire/en,2026-07-13,,,Apply via co-op office
Canadian Space Agency,Internship - Analysis of Quantum Key Distribution Algorithms - Space Utilization - Autumn 2024,"Longueuil, QC",Fall,4,Aerospace,https://asc-csa.hiringplatform.ca/181691-stage-analyse-d-algorithme-de-distribution-de-clefs-quantiques/784288-formulaire/en,2026-07-13,,,Apply via co-op office
Canadian Space Agency,Intern in Project Management – engineer - Space Utilization - Autumn 2024,"Longueuil, QC",Fall,4,Aerospace,https://asc-csa.hiringplatform.ca/181706-stagiaire-en-gestion-de-projet-ingenieur-e/784353-formulaire/en,2026-07-13,,,Apply via co-op office
Canadian Space Agency,Systems Engineering Intern - Space Utilization - Autumn 2024,"Longueuil, QC",Fall,4,Aerospace,https://asc-csa.hiringplatform.ca/181835-stagiaire-en-ingenierie-de-systemes/784951-formulaire/en,2026-07-13,,,Apply via co-op office
Canadian Space Agency,Internship - HAWC Space Mission Development - Space Utilization - Autumn 2024,"Longueuil, QC",Fall,4,Aerospace,https://asc-csa.hiringplatform.ca/181995-stage-developpement-de-la-mission-spatiale-avenir/785728-formulaire/en,2026-07-13,,,Apply via co-op office
Canadian Space Agency,"Intern, Internal Audit - Audit and Evaluation - Winter 2025","Longueuil, QC",Winter,4,Aerospace,https://asc-csa.hiringplatform.ca/191471-stagiaire-audit-interne/834386-formulaire/en,2026-07-13,,,Apply via co-op office
Canadian Space Agency,Corporate Videos Internship - Programs and Integrated Planning - Winter 2025,"Longueuil, QC",Winter,4,Aerospace,https://asc-csa.hiringplatform.ca/191951-stage-en-videos-corporatives/837801-formulaire/en,2026-07-13,,,Apply via co-op office
Canadian Space Agency,Space utilization internship on satellite Earth observation - Space Utilization - Winter 2025,"Longueuil, QC",Winter,4,Aerospace,https://asc-csa.hiringplatform.ca/191964-stage-en-utilisation-de-l-espace-et-observation-de-la-terre-par-satellite/837848-formulaire/en,2026-07-13,,,Apply via co-op office
Canadian Space Agency,Earth Observation Intern - Space Utilization - Winter 2025,"Longueuil, QC",Winter,4,Aerospace,https://asc-csa.hiringplatform.ca/191967-stagiaire-en-observation-de-la-terre/837854-formulaire/en,2026-07-13,,,Apply via co-op office
Canadian Space Agency,Cost Engineering Intern - Finance and Corporate Services - Winter 2025,"Longueuil, QC",Winter,4,Aerospace,https://asc-csa.hiringplatform.ca/192147-ingenieur-stagiaire-en-etablissement-des-couts/838877-formulaire/en,2026-07-13,,,Apply via co-op office
Canadian Space Agency,Internship - Open Text Livelink Software Programmer - Space Science and Technology - Winter 2025,"Longueuil, QC",Winter,4,Software,https://asc-csa.hiringplatform.ca/192142-stage-programmeur-open-text-livelink/838865-formulaire/en,2026-07-13,,,Apply via co-op office
Canadian Space Agency,Engineering/Science Intern - Space Utilization - Winter 2025,"Longueuil, QC",Winter,4,Aerospace,https://asc-csa.hiringplatform.ca/192335-stagiaire-en-ingenierie-science/839929-formulaire/en,2026-07-13,,,Apply via co-op office
Canadian Space Agency,Interniship - Support in design and tests of stratospheric balloon sub-systems - Space Science and Technology - Winter 2025,"Longueuil, QC",Winter,4,Aerospace,https://asc-csa.hiringplatform.ca/193002-stage-soutien-a-la-conception-et-aux-tests-de-sous-systeme-pour-ballons-stratospheriques/843662-formulaire/en,2026-07-13,,,Apply via co-op office
Canadian Space Agency,Internship - Mission and Instrument Design - Space Utilization - Summer 2025,"Longueuil, QC",Summer,4,Aerospace,https://asc-csa.hiringplatform.ca/203446-stage-conception-de-la-mission-et-des-instruments/900848-formulaire/en,2026-07-13,,,Apply via co-op office
Canadian Space Agency,AI & Data Engineering Intern - Space Utilization - Summer 2025,"Longueuil, QC",Summer,4,AI / Data,https://asc-csa.hiringplatform.ca/203610-stagiaire-en-ingenierie-des-donnees-et-intelligence-artificielle/901959-formulaire/en,2026-07-13,,,Apply via co-op office
Canadian Space Agency,Internship - Atmospheric data analysis and optical background monitor development for the QEYSSat mission - Space Science and Technology - Summer 2025,"Longueuil, QC",Summer,4,Aerospace,https://asc-csa.hiringplatform.ca/203636-stage-analyse-de-donnees-atmospheriques-et-developpement-d-un-moniteur-de-fond-optique-pour-la-mission-qeyssat/902054-formulaire/en,2026-07-13,,,Apply via co-op office
Canadian Space Agency,Internship – Artificial Intelligence for Space Systems Engineering - Space Utilization - Summer 2025,"Longueuil, QC",Summer,4,AI / Data,https://asc-csa.hiringplatform.ca/203785-stage-l-ia-au-service-de-l-ingenierie-des-systemes-spatiaux/903011-formulaire/en,2026-07-13,,,Apply via co-op office
Canadian Space Agency,Internship - Space Exploration Development – Avionics and Software - Space Exploration - Summer 2025,"Longueuil, QC",Summer,4,Software,https://asc-csa.hiringplatform.ca/203881-stage-developpement-de-l-exploration-spatiale-avionique-et-logiciel/903600-formulaire/en,2026-07-13,,,Apply via co-op office
Canadian Space Agency,"Internship - Engineer, Project Management - Space Utilization - Fall 2025","Longueuil, QC",Fall,4,Aerospace,https://asc-csa.hiringplatform.ca/212315-stage-ingenieur-e-gestion-de-projets/943617-formulaire/en,2026-07-13,,,Apply via co-op office
Canadian Space Agency,Internship - Quantum key distribution simulations - Space Utilization - Fall 2025,"Longueuil, QC",Fall,4,Aerospace,https://asc-csa.hiringplatform.ca/212953-stage-simulations-de-distribution-de-cles-quantiques/946909-formulaire/en,2026-07-13,,,Apply via co-op office
Canadian Space Agency,Agile Project Management Internship - Programs and Integrated Planning - Fall 2025,"Longueuil, QC",Fall,4,Aerospace,https://asc-csa.hiringplatform.ca/213228-stage-en-gestion-de-projet-agile/948010-formulaire/en,2026-07-13,,,Apply via co-op office
Canadian Space Agency,Program Integration Intern - Lunar Exploration - Space Exploration - Fall 2025,"Longueuil, QC",Fall,4,Aerospace,https://asc-csa.hiringplatform.ca/213227-stagiaire-en-integration-de-programme-exploration-lunaire/948009-formulaire/en,2026-07-13,,,Apply via co-op office
Canadian Space Agency,Intern - Assessment of background light and atmospheric conditions at the QEYSSat Optical Quantum Ground Station - Space Science and Technology - Fall 2025,"Longueuil, QC",Fall,4,Aerospace,https://asc-csa.hiringplatform.ca/213304-stage-evaluation-du-fond-optique-et-des-conditions-atmospheriques-a-la-station-terrestre-quantique-optique-de-qeyssat/948389-formulaire/en,2026-07-13,,,Apply via co-op office
Canadian Space Agency,Project Management Engineering Intern - Space Science and Technology - Fall 2025,"Longueuil, QC",Fall,4,Aerospace,https://asc-csa.hiringplatform.ca/213412-stagiaire-ingenieur-e-gestion-de-projet/948811-formulaire/en,2026-07-13,,,Apply via co-op office
Canadian Space Agency,Intern in Data Science and Artificial Intelligence - Space Utilization - Fall 2025,"Longueuil, QC",Fall,4,AI / Data,https://asc-csa.hiringplatform.ca/213379-stagiaire-en-science-des-donnees-et-intelligence-artificielle/948675-formulaire/en,2026-07-13,,,Apply via co-op office
Canadian Space Agency,Engineering and Project Management/Science Internships - Space Utilization - Fall 2025,"Longueuil, QC",Fall,4,Aerospace,https://asc-csa.hiringplatform.ca/213395-stagiaires-en-ingenierie-et-gestion-de-projet-science/948724-formulaire/en,2026-07-13,,,Apply via co-op office
Canadian Space Agency,Internship – Natural Language Interface for Earth Observation Analytics - Space Utilization - Fall 2025,"Longueuil, QC",Fall,4,AI / Data,https://asc-csa.hiringplatform.ca/213415-stage-interface-en-langage-naturel-pour-l-analyse-de-l-observation-de-la-terre/948824-formulaire/en,2026-07-13,,,Apply via co-op office
Canadian Space Agency,"Intern, IT Enterprise Architecture","Longueuil, QC",Fall,4,Aerospace,https://asc-csa.hiringplatform.ca/220369-stagiaire-architecture-integree-de-la-ti/985143-formulaire/en,2026-07-13,,,Apply via co-op office
Canadian Space Agency,Internship - Laboratory Assistant for Astromaterial Curation,"Longueuil, QC",Fall,4,Aerospace,https://asc-csa.hiringplatform.ca/220375-stage-assistant-de-laboratoire-pour-la-conservation-des-echantillons-extraterrestres/985173-formulaire/en,2026-07-13,,,Apply via co-op office
Canadian Space Agency,Intern – Support to the Canadian Space Agency's (CSA) Technology Strategy - Space Science and Technology - Winter 2026,"Longueuil, QC",Winter,4,Aerospace,https://asc-csa.hiringplatform.ca/221402-stagiaire-appui-a-la-strategie-technologique-de-l-asc/990232-formulaire/en,2026-07-13,,,Apply via co-op office
Canadian Space Agency,Internship – Generative AI for Systems Engineering - Space Exploration - Winter 2026,"Longueuil, QC",Winter,4,AI / Data,https://asc-csa.hiringplatform.ca/221712-stage-ia-generative-pour-ingenierie-des-systemes/992033-formulaire/en,2026-07-13,,,Apply via co-op office
Canadian Space Agency,Internship - Software development using Unreal Engine - Space Exploration - Winter 2026,"Longueuil, QC",Winter,4,Software,https://asc-csa.hiringplatform.ca/221742-stage-developpement-de-logiciels-utilisant-unreal-engine/992316-formulaire/en,2026-07-13,,,Apply via co-op office
Canadian Space Agency,Internship - Occupational Health and Safety - Space Science and Technology - Winter 2026,"Longueuil, QC",Winter,4,Aerospace,https://asc-csa.hiringplatform.ca/221760-stage-sante-et-securite-au-travail/992415-formulaire/en,2026-07-13,,,Apply via co-op office
Canadian Space Agency,Internship - Intelligent CSA Space Science Query System (ICSSQS) - Space Utilization - Winter 2026,"Longueuil, QC",Winter,4,Aerospace,https://asc-csa.hiringplatform.ca/221856-stage-systeme-de-requete-scientifique-spatiale-intelligent-de-l-asc-icssqs/992888-formulaire/en,2026-07-13,,,Apply via co-op office
Canadian Space Agency,Business intelligence internship in smartEarth group - Space Utilization - Winter 2026,"Longueuil, QC",Winter,4,Aerospace,https://asc-csa.hiringplatform.ca/221828-stage-en-intelligence-d-affaire-dans-le-groupe-utiliterre/992741-formulaire/en,2026-07-13,,,Apply via co-op office
Canadian Space Agency,Internship - Co-registration and Segmentation of Multispectral Images from Separate Cameras - Space Science and Technology - Winter 2026,"Longueuil, QC",Winter,4,Aerospace,https://asc-csa.hiringplatform.ca/221901-stage-co-enregistration-geometrique-et-segmentation-d-images-multispectrales-provenant-de-cameras-distinctes/993158-formulaire/en,2026-07-13,,,Apply via co-op office
Canadian Space Agency,Artificial Intelligence and Human Factors Intern - Space Utilization - Winter 2026,"Longueuil, QC",Winter,4,AI / Data,https://asc-csa.hiringplatform.ca/221983-stagiaire-en-intelligence-artificielle-et-facteur-humain/993598-formulaire/en,2026-07-13,,,Apply via co-op office
Canadian Space Agency,Data Mining Intern - Space Utilization - Space Exploration - Winter 2026,"Longueuil, QC",Winter,4,Aerospace,https://asc-csa.hiringplatform.ca/221974-stagiaire-pour-l-analyse-de-donnees/993565-formulaire/en,2026-07-13,,,Apply via co-op office
Canadian Space Agency,Internship - Simulations and planning for the QEYSSat mission - Space Utilization - Summer 2026,"Longueuil, QC",Summer,4,Aerospace,https://asc-csa.hiringplatform.ca/229044-stage-simulations-et-planification-pour-la-mission-qeyssat/1035049-formulaire/en,2026-07-13,,,Apply via co-op office
Canadian Space Agency,Internship - Applied AI developer for in-house pilot project - Space Science and Technology - Summer 2026,"Longueuil, QC",Summer,4,Software,https://asc-csa.hiringplatform.ca/229043-stage-developpeur-en-ia-appliquee-pour-projet-pilote-interne/1035048-formulaire/en,2026-07-13,,,Apply via co-op office
Canadian Space Agency,Internship - Development of a laboratory testbed for quantum source characterization and pre-flight ground equipment testing for the QEYSSat mission. - Space Science and Technology - Summer 2026,"Longueuil, QC",Summer,4,Aerospace,https://asc-csa.hiringplatform.ca/229030-stage-developpement-d-un-banc-d-essai-pour-la-caracterisation-des-sources-quantiques-et-les-tests-prealables-au-vol-des-equipements-au-sol/1034998-formulaire/en,2026-07-13,,,Apply via co-op office
Canadian Space Agency,Horticultural Maintenance Technician - Finance and Corporate Services - Summer 2026,"Longueuil, QC",Summer,4,Aerospace,https://asc-csa.hiringplatform.ca/229260-stage-technicien-entretien-horticole/1036184-formulaire/en,2026-07-13,,,Apply via co-op office
Canadian Space Agency,Internship - Development of Multi-Static Radar Performance Analysis Tool - Space Utilization - Summer 2026,"Longueuil, QC",Summer,4,Aerospace,https://asc-csa.hiringplatform.ca/229306-stage-developpement-d-outil-d-analyse-pour-performance-de-radar-multi-statique/1036434-formulaire/en,2026-07-13,,,Apply via co-op office
Canadian Space Agency,Internship - Stratos Mechanical Engineering - Space Science and Technology - Summer 2026,"Longueuil, QC",Summer,4,Engineering,https://asc-csa.hiringplatform.ca/229457-stage-ingenierie-mecanique-stratos/1036900-formulaire/en,2026-07-13,,,Apply via co-op office
Canadian Space Agency,Internship - Integration and pre-flight testing of the Optical Quantum Ground Station for the QEYSSat mission - Space Science and Technology - Summer 2026,"Longueuil, QC",Summer,4,Aerospace,https://asc-csa.hiringplatform.ca/229614-stage-integration-et-essais-prealables-au-vol-de-la-station-optique-quantique-au-sol-pour-la-mission-qeyssat/1037795-formulaire/en,2026-07-13,,,Apply via co-op office
Canadian Space Agency,Internship - Satellite Data Scientist - Space Science and Technology - Summer 2026,"Longueuil, QC",Summer,4,Aerospace,https://asc-csa.hiringplatform.ca/229660-stage-scientifique-des-donnees-satellitaires/1038068-formulaire/en,2026-07-13,,,Apply via co-op office
Canadian Space Agency,Space Weather and Heliophysics Support Internship,"Longueuil, QC",Fall,4,Aerospace,https://asc-csa.hiringplatform.ca/229668-stage-de-soutien-a-la-meteorologie-spatiale-et-a-l-heliophysique/1038122-formulaire/en,2026-07-13,,,Apply via co-op office
Canadian Space Agency,"Intern, Digital transformation","Longueuil, QC",Fall,4,Aerospace,https://asc-csa.hiringplatform.ca/229911-stagiaire-transformation-numerique/1039535-formulaire/en,2026-07-13,,,Apply via co-op office
D2L,Bilingual Product Support Analyst (Canadian French),"Kitchener Ontario, Toronto",Winter,4,Software,https://www.d2l.com/careers/jobs/?job_id=7696196&gh_jid=7696196,2026-06-19,,,
D2L,Customer Success Manager,"UK - remote; London, UK",Summer,4,Software,https://www.d2l.com/careers/jobs/?job_id=8044319&gh_jid=8044319,2026-07-11,,,
D2L,Senior Information Security Analyst,Kitchener,Summer,4,Software,https://www.d2l.com/careers/jobs/?job_id=7972446&gh_jid=7972446,2026-07-09,,,
Hootsuite,"Account Executive, Enterprise Sales","Toronto, Ontario",Summer,4,Software,https://job-boards.greenhouse.io/hootsuite/jobs/8049709,2026-07-10,,,
Hootsuite,Customer Success Manager,"Mexico City, Mexico",Summer,4,Software,https://job-boards.greenhouse.io/hootsuite/jobs/8053700,2026-07-09,,,
D2L,Bilingual Trainer,"Kitchener, Ontario; Remote within Canada",Summer,4,Software,https://www.d2l.com/careers/jobs/?job_id=8055892&gh_jid=8055892,2026-07-17,,,
D2L,Customer Lifecycle Marketing Manager - 18 Month Contract,"Remote - Canada; Kitchener, Ontario; Toronto",Summer,4,Software,https://www.d2l.com/careers/jobs/?job_id=7951222&gh_jid=7951222,2026-07-13,,,
D2L,"Implementation Consultant, Project Lead","Kitchener, Ontario; Remote - Canada",Fall,4,Software,https://www.d2l.com/careers/jobs/?job_id=8055909&gh_jid=8055909,2026-07-17,,,
D2L,"Manager, Business Development","Kitchener, Ontario",Summer,4,Software,https://www.d2l.com/careers/jobs/?job_id=8047076&gh_jid=8047076,2026-07-13,,,
D2L,Senior Account Manager - The Netherlands,The Netherlands,Summer,4,Software,https://www.d2l.com/careers/jobs/?job_id=7931637&gh_jid=7931637,2026-06-19,,,
Hootsuite,AI Social Strategist,"Vancouver, British Columbia",Summer,6,Software,https://job-boards.greenhouse.io/hootsuite/jobs/7943876,2026-07-13,,,
Hootsuite,Customer Experience Operations Manager,"Mumbai, Pune",Summer,4,Software,https://job-boards.greenhouse.io/hootsuite/jobs/8053629,2026-07-16,,,
Hootsuite,"Lead, Data Development, AI Platform","Ottawa, Canada; Toronto",Summer,4,Software,https://job-boards.greenhouse.io/hootsuite/jobs/8036364,2026-07-15,,,
Hootsuite,"Training Specialist, Customer Support","Mexico City, Mexico",Summer,4,Software,https://job-boards.greenhouse.io/hootsuite/jobs/8060177,2026-07-14,,,
